LabVIEW Measurement,
Writer_Version,2
Reader_Version,2
Separator,Comma
Decimal_Separator,.
Multi_Headings,No
X_Columns,One
Time_Pref,Absolute
Operator,rhh39
Date,2021/04/30
Time,15:40:01.3465619087219238281
***End_of_Header***,
,
Channels,4,,,,
Samples,10,10,10,10,
Date,2021/04/30,2021/04/30,2021/04/30,2021/04/30,
Time,15:40:01.3465619087219238281,15:40:01.3465762138366699219,15:40:01.3465900421142578125,15:40:01.3465619087219238281,
Y_Unit_Label,Volts,Volts,Volts,mA,
X_Dimension,Time,Time,Time,Time,
X0,0.0000000000000000E+0,0.0000000000000000E+0,0.0000000000000000E+0,0.0000000000000000E+0,
Delta_X,0.100000,0.100000,0.100000,0.100000,
***End_of_Header***,,,,,
X_Value,Heater Shunt (Mean),Heater Voltage (Mean),Thermopile Voltage (Mean),Heater Current (Mean),Comment
0.000000,0.961331,2.614275,1.985965,96.133100
0.100000,0.961364,2.614250,1.986052,96.136389
0.200000,0.961316,2.614248,1.986090,96.131620
0.300000,0.961358,2.614227,1.986151,96.135797
0.400000,0.961332,2.614225,1.986100,96.133166
0.500000,0.011453,0.027414,1.686490,1.145340
0.600000,0.001847,0.022144,1.537805,0.184735
0.700000,0.001866,0.021991,1.526030,0.186610
0.800000,0.001855,0.022017,1.519840,0.185491
0.900000,0.001860,0.021994,1.515405,0.185952
1.000000,0.951829,2.234773,1.685740,95.182889
1.100000,0.961342,2.595121,1.934147,96.134186
1.200000,0.961365,2.610344,1.962824,96.136488
1.300000,0.961323,2.611337,1.969894,96.132311
1.400000,0.961359,2.611696,1.973714,96.135896
1.500000,0.011444,0.027450,1.677766,1.144386
1.600000,0.001869,0.022098,1.531149,0.186906
1.700000,0.001859,0.021933,1.521000,0.185853
1.800000,0.001869,0.022052,1.515762,0.186939
1.900000,0.001859,0.021945,1.511680,0.185919
2.000000,0.951806,2.233083,1.682387,95.180586
2.100000,0.961354,2.593506,1.930759,96.135435
2.200000,0.961324,2.609166,1.959967,96.132409
2.300000,0.961367,2.610123,1.966999,96.136718
2.400000,0.961335,2.610612,1.971232,96.133462
2.500000,0.011457,0.027323,1.675549,1.145669
2.600000,0.001850,0.022119,1.529254,0.184965
2.700000,0.001876,0.022042,1.519306,0.187629
2.800000,0.001858,0.021923,1.513781,0.185787
2.900000,0.001876,0.021993,1.510330,0.187629
3.000000,0.951809,2.232123,1.680575,95.180915
3.100000,0.961365,2.592883,1.929146,96.136455
3.200000,0.961348,2.608293,1.958473,96.134778
3.300000,0.961338,2.609440,1.965704,96.133824
3.400000,0.961365,2.609818,1.969861,96.136488
3.500000,0.011444,0.027323,1.674521,1.144419
3.600000,0.001874,0.022020,1.528323,0.187399
3.700000,0.001856,0.021965,1.518443,0.185623
3.800000,0.001869,0.021950,1.512944,0.186906
3.900000,0.001858,0.021902,1.509232,0.185755
4.000000,0.951830,2.231556,1.679717,95.182987
4.100000,0.961326,2.592335,1.928226,96.132640
4.200000,0.961368,2.607945,1.957474,96.136784
4.300000,0.961337,2.608990,1.964639,96.133692
4.400000,0.961341,2.609542,1.969167,96.134087
4.500000,0.011448,0.027371,1.673855,1.144846
4.600000,0.001864,0.022131,1.527863,0.186412
4.700000,0.001859,0.021960,1.517808,0.185853
4.800000,0.001861,0.021938,1.512569,0.186051
4.900000,0.001867,0.021915,1.508706,0.186741
5.000000,0.951774,2.231147,1.679165,95.177396
5.100000,0.961365,2.591840,1.927532,96.136521
5.200000,0.961325,2.607545,1.957082,96.132475
5.300000,0.961371,2.608691,1.964118,96.137146
5.400000,0.961318,2.609089,1.968678,96.131785
5.500000,0.011452,0.027453,1.673338,1.145175
5.600000,0.001857,0.022057,1.527161,0.185722
5.700000,0.001873,0.022011,1.517427,0.187333
5.800000,0.001871,0.021846,1.512009,0.187103
5.900000,0.001860,0.021897,1.508700,0.185985
6.000000,0.951839,2.230723,1.678733,95.183941
6.100000,0.961334,2.591748,1.927279,96.133396
6.200000,0.961362,2.607307,1.956678,96.136159
6.300000,0.961336,2.608434,1.963958,96.133561
6.400000,0.961372,2.608904,1.968311,96.137179
6.500000,0.011439,0.027539,1.673081,1.143926
6.600000,0.001869,0.022073,1.527332,0.186906
6.700000,0.001860,0.021915,1.517197,0.185985
6.800000,0.001869,0.021973,1.511932,0.186939
6.900000,0.001860,0.021866,1.508277,0.186018
7.000000,0.951820,2.230611,1.678593,95.181968
7.100000,0.961365,2.591433,1.927141,96.136488
7.200000,0.961324,2.607149,1.956471,96.132409
7.300000,0.961363,2.608222,1.963838,96.136323
7.400000,0.961333,2.608789,1.968258,96.133298
7.500000,0.011446,0.027468,1.672966,1.144649
7.600000,0.001855,0.022063,1.526915,0.185459
7.700000,0.001878,0.021971,1.517100,0.187794
7.800000,0.001860,0.021874,1.511866,0.185952
7.900000,0.001874,0.021956,1.508335,0.187399
8.000000,0.951790,2.230152,1.678494,95.179008
8.100000,0.961352,2.591308,1.927115,96.135172
8.200000,0.961350,2.606791,1.956221,96.135008
8.300000,0.961335,2.608018,1.963613,96.133495
8.400000,0.961372,2.608385,1.968091,96.137212
8.500000,0.011438,0.027553,1.672907,1.143794
8.600000,0.001863,0.022045,1.526803,0.186314
8.700000,0.001848,0.021905,1.516983,0.184834
8.800000,0.001874,0.021953,1.511892,0.187432
8.900000,0.001853,0.021869,1.508097,0.185294
9.000000,0.951807,2.229950,1.678322,95.180718
9.100000,0.961325,2.590890,1.926868,96.132508
9.200000,0.961360,2.606644,1.956492,96.135995
9.300000,0.961336,2.607747,1.963731,96.133594
9.400000,0.961352,2.608296,1.968119,96.135205
9.500000,0.011440,0.027355,1.672978,1.143991
9.600000,0.001854,0.022134,1.526804,0.185426
9.700000,0.001865,0.021881,1.517093,0.186511
9.800000,0.001854,0.021960,1.511902,0.185426
9.900000,0.001877,0.021861,1.508148,0.187728
10.000000,0.951787,2.229837,1.678353,95.178745
10.100000,0.961369,2.590719,1.927207,96.136948
10.200000,0.961319,2.606363,1.956586,96.131850
10.300000,0.961366,2.607535,1.963916,96.136587
10.400000,0.961330,2.607959,1.968277,96.133034
10.500000,0.011450,0.027327,1.673034,1.145011
10.600000,0.001857,0.022043,1.527013,0.185656
10.700000,0.001869,0.021947,1.517154,0.186906
10.800000,0.001856,0.021897,1.511987,0.185557
10.900000,0.001856,0.021953,1.508493,0.185590
11.000000,0.951812,2.229459,1.678710,95.181211
11.100000,0.961324,2.590537,1.927414,96.132377
11.200000,0.961370,2.606296,1.956790,96.137014
11.300000,0.961329,2.607420,1.964234,96.132903
11.400000,0.961363,2.607913,1.968755,96.136291
11.500000,0.011441,0.027392,1.673540,1.144090
11.600000,0.001872,0.022040,1.527385,0.187202
11.700000,0.001847,0.021866,1.517724,0.184669
11.800000,0.001866,0.021919,1.512410,0.186577
11.900000,0.001850,0.021850,1.508935,0.184998
12.000000,0.951802,2.229470,1.679168,95.180159
12.100000,0.961363,2.590465,1.927951,96.136323
12.200000,0.961339,2.606171,1.957497,96.133890
12.300000,0.961358,2.607226,1.964802,96.135830
12.400000,0.961319,2.607744,1.969509,96.131949
12.500000,0.011457,0.027253,1.674086,1.145669
12.600000,0.001856,0.022009,1.528082,0.185557
12.700000,0.001868,0.021877,1.518216,0.186840
12.800000,0.001855,0.021917,1.512929,0.185459
12.900000,0.001876,0.021950,1.509392,0.187629
13.000000,0.951810,2.229206,1.679694,95.180981
13.100000,0.961358,2.590256,1.928285,96.135797
13.200000,0.961347,2.605796,1.957860,96.134745
13.300000,0.961352,2.606976,1.965170,96.135205
13.400000,0.961346,2.607423,1.969943,96.134580
13.500000,0.011440,0.027382,1.674340,1.144024
13.600000,0.001864,0.022037,1.528144,0.186445
13.700000,0.001856,0.021965,1.518341,0.185623
13.800000,0.001868,0.021912,1.512905,0.186840
13.900000,0.001853,0.021846,1.509494,0.185327
14.000000,0.951831,2.228893,1.679763,95.183053
14.100000,0.961328,2.589927,1.928252,96.132771
14.200000,0.961359,2.605716,1.958026,96.135896
14.300000,0.961348,2.606794,1.965231,96.134810
14.400000,0.961337,2.607348,1.969532,96.133725
14.500000,0.011432,0.027415,1.674107,1.143202
14.600000,0.001861,0.022062,1.528072,0.186051
14.700000,0.001874,0.021907,1.518160,0.187399
14.800000,0.001860,0.021923,1.512785,0.185985
14.900000,0.001875,0.021897,1.509282,0.187531
15.000000,0.951783,2.228852,1.679398,95.178251
15.100000,0.961390,2.589896,1.928247,96.138988
15.200000,0.961323,2.605497,1.957858,96.132311
15.300000,0.961368,2.606616,1.964920,96.136817
15.400000,0.961336,2.607083,1.969255,96.133561
15.500000,0.011455,0.027491,1.674007,1.145537
15.600000,0.001859,0.021947,1.527720,0.185886
15.700000,0.001863,0.021937,1.517834,0.186347
15.800000,0.001861,0.021848,1.512571,0.186083
15.900000,0.001857,0.021874,1.508826,0.185722
16.000000,0.951819,2.228546,1.679130,95.181935
16.100000,0.961328,2.589718,1.927724,96.132771
16.200000,0.961369,2.605257,1.957408,96.136883
16.300000,0.961337,2.606452,1.964652,96.133659
16.400000,0.961364,2.606932,1.969246,96.136356
16.500000,0.011444,0.027220,1.673469,1.144353
16.600000,0.001867,0.021999,1.527404,0.186675
16.700000,0.001854,0.021851,1.517285,0.185360
16.800000,0.001862,0.021914,1.512145,0.186248
16.900000,0.001849,0.021817,1.508544,0.184866
17.000000,0.951804,2.228413,1.679061,95.180389
17.100000,0.961349,2.589299,1.927632,96.134942
17.200000,0.961345,2.605224,1.957155,96.134514
17.300000,0.961354,2.606255,1.964320,96.135403
17.400000,0.961326,2.606777,1.968827,96.132607
17.500000,0.011450,0.027320,1.673045,1.145044
17.600000,0.001854,0.021978,1.526941,0.185393
17.700000,0.001870,0.021927,1.517044,0.187004
17.800000,0.001855,0.021874,1.511841,0.185491
17.900000,0.001862,0.021876,1.508304,0.186248
18.000000,0.951792,2.228142,1.678481,95.179172
18.100000,0.961354,2.589330,1.927193,96.135370
18.200000,0.961338,2.604915,1.956897,96.133791
18.300000,0.961340,2.606074,1.963976,96.134021
18.400000,0.961354,2.606567,1.968331,96.135403
18.500000,0.011431,0.027295,1.673014,1.143136
18.600000,0.001865,0.022020,1.526482,0.186544
18.700000,0.001851,0.021886,1.516863,0.185130
18.800000,0.001869,0.021869,1.511484,0.186906
18.900000,0.001850,0.021866,1.507663,0.184998
19.000000,0.951810,2.228134,1.678355,95.181047
19.100000,0.961342,2.589163,1.927123,96.134218
19.200000,0.961347,2.604884,1.956433,96.134745
19.300000,0.961339,2.605969,1.963927,96.133857
19.400000,0.961336,2.606488,1.968505,96.133561
19.500000,0.011434,0.027443,1.672718,1.143366
19.600000,0.001866,0.021999,1.526444,0.186577
19.700000,0.001860,0.021851,1.516595,0.186018
19.800000,0.001855,0.021919,1.511460,0.185524
19.900000,0.001863,0.021822,1.507894,0.186314
20.000000,0.951788,2.227974,1.678054,95.178843
20.100000,0.961381,2.589074,1.926888,96.138132
20.200000,0.961321,2.604691,1.956643,96.132081
20.300000,0.961345,2.605890,1.963784,96.134482
20.400000,0.961335,2.606276,1.968375,96.133495
20.500000,0.011446,0.027299,1.672536,1.144550
20.600000,0.001856,0.021993,1.526546,0.185557
20.700000,0.001860,0.021882,1.516472,0.185952
20.800000,0.001861,0.021800,1.511264,0.186149
20.900000,0.001857,0.021907,1.507554,0.185722
21.000000,0.951830,2.227598,1.677873,95.182955
21.100000,0.961331,2.588836,1.926983,96.133100
21.200000,0.961369,2.604544,1.956588,96.136948
21.300000,0.961334,2.605712,1.963733,96.133396
21.400000,0.961365,2.606197,1.968303,96.136488
21.500000,0.011430,0.027238,1.672555,1.142972
21.600000,0.001865,0.022071,1.526265,0.186544
21.700000,0.001852,0.021843,1.516460,0.185195
21.800000,0.001866,0.021920,1.511215,0.186643
21.900000,0.001849,0.021790,1.507653,0.184899
22.000000,0.951805,2.227577,1.677980,95.180455
22.100000,0.961353,2.588569,1.926781,96.135304
22.200000,0.961324,2.604307,1.956412,96.132442
22.300000,0.961365,2.605387,1.963736,96.136488
22.400000,0.961327,2.605931,1.968129,96.132673
22.500000,0.011446,0.027405,1.672568,1.144583
22.600000,0.001846,0.021950,1.526211,0.184603
22.700000,0.001869,0.021856,1.516347,0.186906
22.800000,0.001849,0.021800,1.511105,0.184866
22.900000,0.001872,0.021915,1.507557,0.187235
23.000000,0.951793,2.227304,1.677937,95.179337
23.100000,0.961340,2.588538,1.926973,96.133988
23.200000,0.961347,2.604103,1.956574,96.134679
23.300000,0.961335,2.605364,1.963827,96.133462
23.400000,0.961370,2.605757,1.968277,96.137014
23.500000,0.011440,0.027307,1.672868,1.144024
23.600000,0.001869,0.021965,1.526464,0.186873
23.700000,0.001845,0.021910,1.516472,0.184505
23.800000,0.001874,0.021915,1.511246,0.187399
23.900000,0.001851,0.021830,1.507599,0.185064
24.000000,0.951819,2.227171,1.678562,95.181935
24.100000,0.961327,2.588213,1.927987,96.132738
24.200000,0.961357,2.603988,1.958215,96.135699
24.300000,0.961346,2.605053,1.965936,96.134580
24.400000,0.961350,2.605559,1.971321,96.135008
24.500000,0.011434,0.027184,1.675785,1.143399
24.600000,0.001855,0.021997,1.529947,0.185491
24.700000,0.001858,0.021841,1.520270,0.185820
24.800000,0.001849,0.021776,1.515145,0.184932
24.900000,0.001862,0.021736,1.511938,0.186215
25.000000,0.951790,2.219231,1.667795,95.179041
25.100000,0.961351,2.579609,1.891012,96.135139
25.200000,0.961327,2.593892,1.916642,96.132738
25.300000,0.961358,2.593501,1.922796,96.135797
25.400000,0.961318,2.593621,1.926835,96.131752
25.500000,0.011450,0.027085,1.663194,1.144978
25.600000,0.001861,0.021685,1.529599,0.186051
25.700000,0.001856,0.021726,1.520090,0.185590
25.800000,0.001863,0.021675,1.515176,0.186281
25.900000,0.001853,0.021710,1.511440,0.185294
26.000000,0.951821,2.216172,1.664935,95.182066
26.100000,0.961327,2.568040,1.883993,96.132738
26.200000,0.961377,2.579532,1.909534,96.137705
26.300000,0.961338,2.585407,1.915871,96.133824
26.400000,0.961356,2.580571,1.920040,96.135600
26.500000,0.011428,0.027039,1.660347,1.142774
26.600000,0.001861,0.021608,1.528419,0.186116
26.700000,0.001845,0.021361,1.518801,0.184538
26.800000,0.001854,0.021425,1.513687,0.185426
26.900000,0.001853,0.021516,1.510097,0.185294
27.000000,0.951801,2.210733,1.663062,95.180060
27.100000,0.961352,2.563937,1.882320,96.135172
27.200000,0.961332,2.581695,1.908777,96.133232
27.300000,0.961360,2.586533,1.915723,96.136027
27.400000,0.961319,2.589554,1.920010,96.131916
27.500000,0.011442,0.027119,1.659622,1.144189
27.600000,0.001844,0.021697,1.527214,0.184439
27.700000,0.001858,0.021557,1.517532,0.185820
27.800000,0.001847,0.021536,1.512418,0.184702
27.900000,0.001862,0.021562,1.508777,0.186182
28.000000,0.951803,2.214747,1.662949,95.180257
28.100000,0.961344,2.576436,1.883875,96.134350
28.200000,0.961335,2.591643,1.910218,96.133462
28.300000,0.961328,2.593555,1.917489,96.132837
28.400000,0.961339,2.595197,1.921856,96.133922
28.500000,0.011436,0.027138,1.660066,1.143597
28.600000,0.001857,0.021749,1.526412,0.185689
28.700000,0.001846,0.021601,1.516698,0.184570
28.800000,0.001862,0.021532,1.511657,0.186248
28.900000,0.001847,0.021491,1.507954,0.184669
29.000000,0.951817,2.216233,1.663306,95.181705
29.100000,0.961349,2.577441,1.885800,96.134909
29.200000,0.961341,2.595470,1.912296,96.134087
29.300000,0.961334,2.599234,1.919211,96.133429
29.400000,0.961347,2.602004,1.923735,96.134712
29.500000,0.011432,0.027312,1.660635,1.143169
29.600000,0.001851,0.021841,1.526252,0.185097
29.700000,0.001866,0.021675,1.516348,0.186610
29.800000,0.001845,0.021667,1.511169,0.184505
29.900000,0.001862,0.021654,1.507602,0.186248
30.000000,0.951773,2.226211,1.663751,95.177330
30.100000,0.961344,2.591035,1.887095,96.134416
30.200000,0.961324,2.607731,1.913611,96.132409
30.300000,0.961359,2.609725,1.920531,96.135863
30.400000,0.961329,2.610690,1.924822,96.132936
30.500000,0.011441,0.027527,1.660953,1.144123
30.600000,0.001845,0.021887,1.525572,0.184538
30.700000,0.001857,0.021825,1.515952,0.185689
30.800000,0.001852,0.021710,1.510626,0.185228
30.900000,0.001848,0.021746,1.507186,0.184834
31.000000,0.951817,2.232429,1.663777,95.181672
31.100000,0.961301,2.597449,1.887924,96.130074
31.200000,0.961354,2.612805,1.914507,96.135403
31.300000,0.961322,2.614012,1.921411,96.132245
31.400000,0.961372,2.614911,1.925933,96.137244
31.500000,0.011418,0.027401,1.661312,1.141821
31.600000,0.001866,0.022027,1.525568,0.186610
31.700000,0.001845,0.021720,1.515668,0.184505
31.800000,0.001862,0.021799,1.510539,0.186182
31.900000,0.001853,0.021744,1.506956,0.185294
32.000000,0.951791,2.235490,1.664147,95.179073
32.100000,0.961326,2.600469,1.889097,96.132640
32.200000,0.961329,2.615702,1.915459,96.132870
32.300000,0.961361,2.616859,1.922422,96.136126
32.400000,0.961303,2.617487,1.926837,96.130272
32.500000,0.011443,0.027535,1.661486,1.144320
32.600000,0.001840,0.021933,1.525757,0.183978
32.700000,0.001871,0.021861,1.515988,0.187136
32.800000,0.001846,0.021785,1.510584,0.184603
32.900000,0.001858,0.021854,1.507058,0.185820
33.000000,0.951795,2.239456,1.664343,95.179468
33.100000,0.961349,2.605617,1.889889,96.134942
33.200000,0.961325,2.620332,1.916563,96.132475
33.300000,0.961326,2.621509,1.923482,96.132574
33.400000,0.961354,2.622043,1.927900,96.135403
33.500000,0.011432,0.027790,1.662331,1.143169
33.600000,0.001874,0.022078,1.526050,0.187399
33.700000,0.001849,0.021843,1.516064,0.184899
33.800000,0.001863,0.021841,1.510666,0.186281
33.900000,0.001839,0.021812,1.507309,0.183946
34.000000,0.951816,2.239412,1.664823,95.181639
34.100000,0.961331,2.604882,1.890785,96.133133
34.200000,0.961360,2.619139,1.917479,96.135962
34.300000,0.961338,2.619908,1.924512,96.133791
34.400000,0.961323,2.620385,1.928783,96.132278
34.500000,0.011437,0.027305,1.662699,1.143728
34.600000,0.001845,0.022043,1.526052,0.184505
34.700000,0.001855,0.021728,1.516075,0.185459
34.800000,0.001841,0.021759,1.510847,0.184077
34.900000,0.001861,0.021726,1.507096,0.186149
35.000000,0.951781,2.236488,1.665106,95.178120
35.100000,0.961354,2.603191,1.891658,96.135403
35.200000,0.961315,2.618042,1.918302,96.131489
35.300000,0.961361,2.619380,1.925126,96.136126
35.400000,0.961335,2.620033,1.929565,96.133462
35.500000,0.011442,0.027417,1.663041,1.144156
35.600000,0.001837,0.021892,1.526320,0.183715
35.700000,0.001854,0.021843,1.516181,0.185426
35.800000,0.001858,0.021736,1.510720,0.185820
35.900000,0.001845,0.021784,1.507275,0.184538
36.000000,0.951829,2.238370,1.665208,95.182889
36.100000,0.961324,2.605551,1.892123,96.132377
36.200000,0.961359,2.620344,1.918624,96.135896
36.300000,0.961294,2.621381,1.925525,96.129416
36.400000,0.961357,2.622019,1.929901,96.135731
36.500000,0.011422,0.027361,1.663110,1.142248
36.600000,0.001858,0.021948,1.526130,0.185755
36.700000,0.001834,0.021730,1.515781,0.183386
36.800000,0.001860,0.021827,1.510810,0.185952
36.900000,0.001851,0.021738,1.507015,0.185130
37.000000,0.951785,2.240395,1.665032,95.178481
37.100000,0.961346,2.607654,1.892212,96.134646
37.200000,0.961309,2.624535,1.918850,96.130897
37.300000,0.961355,2.626848,1.925795,96.135534
37.400000,0.961300,2.627599,1.930141,96.130041
37.500000,0.011446,0.027608,1.662993,1.144616
37.600000,0.001839,0.021950,1.525937,0.183880
37.700000,0.001865,0.021845,1.515669,0.186478
37.800000,0.001837,0.021886,1.510413,0.183748
37.900000,0.001861,0.021884,1.506862,0.186051
38.000000,0.951783,2.244902,1.665252,95.178350
38.100000,0.961336,2.612578,1.892704,96.133626
38.200000,0.961337,2.627367,1.919269,96.133659
38.300000,0.961317,2.628607,1.926319,96.131719
38.400000,0.961356,2.629011,1.930731,96.135633
38.500000,0.011423,0.027502,1.663332,1.142314
38.600000,0.001861,0.022037,1.526014,0.186149
38.700000,0.001843,0.021892,1.516026,0.184340
38.800000,0.001866,0.021866,1.510671,0.186577
38.900000,0.001848,0.021831,1.507112,0.184801
39.000000,0.951816,2.245191,1.665530,95.181606
39.100000,0.961334,2.612937,1.893101,96.133429
39.200000,0.961353,2.627685,1.919977,96.135271
39.300000,0.961330,2.628605,1.926929,96.133034
39.400000,0.961329,2.629130,1.931441,96.132903
39.500000,0.011438,0.027887,1.663694,1.143794
39.600000,0.001850,0.022057,1.526139,0.184998
39.700000,0.001867,0.021864,1.516043,0.186708
39.800000,0.001847,0.021846,1.510894,0.184735
39.900000,0.001871,0.021833,1.507556,0.187070
40.000000,0.951782,2.244475,1.665962,95.178218
40.100000,0.961366,2.612638,1.893849,96.136554
40.200000,0.961327,2.627221,1.920651,96.132673
40.300000,0.961350,2.628324,1.927662,96.135041
40.400000,0.961323,2.628643,1.931995,96.132344
40.500000,0.011438,0.027399,1.664126,1.143827
40.600000,0.001850,0.022042,1.526484,0.184965
40.700000,0.001859,0.021922,1.516337,0.185886
40.800000,0.001860,0.021848,1.511036,0.186018
40.900000,0.001844,0.021869,1.507423,0.184439
41.000000,0.951812,2.243893,1.666151,95.181211
41.100000,0.961309,2.612033,1.894405,96.130864
41.200000,0.961367,2.626902,1.920891,96.136652
41.300000,0.961321,2.627918,1.927933,96.132081
41.400000,0.961366,2.628444,1.932279,96.136554
41.500000,0.011423,0.027527,1.664213,1.142314
41.600000,0.001863,0.022039,1.526635,0.186347
41.700000,0.001852,0.021769,1.516524,0.185228
41.800000,0.001857,0.021910,1.511172,0.185722
41.900000,0.001858,0.021790,1.507538,0.185787
42.000000,0.951799,2.243986,1.666444,95.179896
42.100000,0.961361,2.612213,1.894694,96.136093
42.200000,0.961316,2.627021,1.921287,96.131554
42.300000,0.961357,2.627984,1.928153,96.135731
42.400000,0.961319,2.628419,1.932779,96.131850
42.500000,0.011454,0.027330,1.664394,1.145438
42.600000,0.001839,0.021991,1.526507,0.183946
42.700000,0.001862,0.021851,1.516340,0.186215
42.800000,0.001852,0.021812,1.510852,0.185162
42.900000,0.001861,0.021800,1.507367,0.186149
43.000000,0.951791,2.243936,1.666189,95.179106
43.100000,0.961337,2.612642,1.894967,96.133659
43.200000,0.961361,2.627312,1.921460,96.136060
43.300000,0.961335,2.628438,1.928387,96.133462
43.400000,0.961363,2.628793,1.932869,96.136258
43.500000,0.011422,0.027479,1.664709,1.142215
43.600000,0.001864,0.021917,1.526407,0.186412
43.700000,0.001846,0.021846,1.516146,0.184570
43.800000,0.001871,0.021830,1.510865,0.187103
43.900000,0.001849,0.021825,1.507383,0.184866
44.000000,0.951819,2.244453,1.666292,95.181902
44.100000,0.961328,2.613168,1.894854,96.132771
44.200000,0.961335,2.627931,1.921544,96.133528
44.300000,0.961333,2.628921,1.928704,96.133298
44.400000,0.961328,2.629503,1.933054,96.132837
44.500000,0.011435,0.027458,1.664451,1.143531
44.600000,0.001853,0.021953,1.526390,0.185327
44.700000,0.001864,0.021800,1.515988,0.186379
44.800000,0.001847,0.021825,1.510769,0.184669
44.900000,0.001865,0.021792,1.507349,0.186478
45.000000,0.951777,2.244568,1.666478,95.177659
45.100000,0.961352,2.613226,1.895158,96.135238
45.200000,0.961321,2.628158,1.921792,96.132146
45.300000,0.961362,2.629319,1.928849,96.136192
45.400000,0.961323,2.629744,1.933218,96.132344
45.500000,0.011446,0.027637,1.664470,1.144649
45.600000,0.001851,0.021859,1.526193,0.185130
45.700000,0.001855,0.021891,1.515944,0.185524
45.800000,0.001860,0.021784,1.510414,0.185952
45.900000,0.001853,0.021817,1.507160,0.185261
46.000000,0.951816,2.244790,1.666406,95.181606
46.100000,0.961299,2.613374,1.895207,96.129910
46.200000,0.961360,2.628429,1.921848,96.136027
46.300000,0.961314,2.629424,1.929016,96.131390
46.400000,0.961351,2.629902,1.933448,96.135107
46.500000,0.011434,0.027499,1.664562,1.143432
46.600000,0.001867,0.021991,1.526086,0.186708
46.700000,0.001852,0.021744,1.515811,0.185195
46.800000,0.001857,0.021876,1.510638,0.185722
46.900000,0.001849,0.021766,1.506997,0.184866
47.000000,0.951793,2.244697,1.666184,95.179271
47.100000,0.961355,2.613673,1.895296,96.135534
47.200000,0.961327,2.628493,1.922075,96.132738
47.300000,0.961350,2.629483,1.929270,96.135008
47.400000,0.961318,2.629896,1.933471,96.131752
47.500000,0.011448,0.027583,1.664522,1.144781
47.600000,0.001848,0.021996,1.526081,0.184768
47.700000,0.001861,0.021803,1.515850,0.186149
47.800000,0.001849,0.021772,1.510454,0.184899
47.900000,0.001872,0.021825,1.506906,0.187202
48.000000,0.951808,2.244675,1.666391,95.180784
48.100000,0.961329,2.613775,1.895763,96.132870
48.200000,0.961349,2.628584,1.922218,96.134909
48.300000,0.961325,2.629654,1.929171,96.132508
48.400000,0.961356,2.630035,1.933728,96.135567
48.500000,0.011435,0.027542,1.664506,1.143465
48.600000,0.001873,0.021970,1.526193,0.187300
48.700000,0.001849,0.021866,1.515901,0.184899
48.800000,0.001871,0.021822,1.510595,0.187136
48.900000,0.001852,0.021800,1.506987,0.185228
49.000000,0.951827,2.244679,1.666269,95.182724
49.100000,0.961331,2.613721,1.895612,96.133100
49.200000,0.961348,2.628618,1.922349,96.134778
49.300000,0.961332,2.629541,1.929538,96.133166
49.400000,0.961330,2.630075,1.934066,96.133034
49.500000,0.011439,0.027793,1.664719,1.143926
49.600000,0.001851,0.022039,1.526366,0.185064
49.700000,0.001864,0.021799,1.515886,0.186379
49.800000,0.001849,0.021789,1.510672,0.184866
49.900000,0.001866,0.021782,1.507072,0.186577
50.000000,0.951789,2.244517,1.666458,95.178876
50.100000,0.961354,2.613913,1.896126,96.135435
50.200000,0.961321,2.628600,1.922652,96.132081
50.300000,0.961351,2.629659,1.929758,96.135107
50.400000,0.961325,2.630106,1.934165,96.132541
50.500000,0.011446,0.027765,1.664910,1.144616
50.600000,0.001849,0.022012,1.526219,0.184866
50.700000,0.001860,0.021820,1.515763,0.185952
50.800000,0.001860,0.021736,1.510283,0.185985
50.900000,0.001853,0.021853,1.506972,0.185327
51.000000,0.951831,2.244498,1.666616,95.183053
51.100000,0.961317,2.613948,1.896162,96.131653
51.200000,0.961360,2.628794,1.922974,96.136027
51.300000,0.961313,2.629818,1.929853,96.131258
51.400000,0.961368,2.630303,1.934180,96.136817
51.500000,0.011426,0.027387,1.665014,1.142610
51.600000,0.001865,0.022162,1.526211,0.186478
51.700000,0.001862,0.021784,1.515941,0.186182
51.800000,0.001869,0.021812,1.510710,0.186939
51.900000,0.001859,0.021767,1.507002,0.185886
52.000000,0.951793,2.244664,1.666782,95.179271
52.100000,0.961356,2.614278,1.896542,96.135633
52.200000,0.961332,2.629082,1.923017,96.133232
52.300000,0.961363,2.630034,1.930133,96.136291
52.400000,0.961322,2.630509,1.934816,96.132245
52.500000,0.011452,0.027828,1.665286,1.145241
52.600000,0.001848,0.021965,1.526655,0.184768
52.700000,0.001870,0.021845,1.516074,0.186971
52.800000,0.001852,0.021739,1.510981,0.185228
52.900000,0.001871,0.021818,1.507252,0.187070
53.000000,0.951800,2.244772,1.667011,95.180027
53.100000,0.961333,2.614345,1.896833,96.133330
53.200000,0.961353,2.629320,1.923755,96.135271
53.300000,0.961337,2.630394,1.930629,96.133692
53.400000,0.961354,2.630775,1.935143,96.135403
53.500000,0.011437,0.027731,1.665525,1.143695
53.600000,0.001869,0.021986,1.526852,0.186939
53.700000,0.001846,0.021736,1.516342,0.184603
53.800000,0.001869,0.021818,1.510937,0.186906
53.900000,0.001852,0.021813,1.507359,0.185195
54.000000,0.951825,2.244841,1.667183,95.182461
54.100000,0.961334,2.614528,1.897104,96.133363
54.200000,0.961340,2.629337,1.923577,96.133988
54.300000,0.961332,2.630310,1.930710,96.133232
54.400000,0.961326,2.630777,1.935117,96.132607
54.500000,0.011440,0.027351,1.665413,1.144024
54.600000,0.001853,0.022113,1.526449,0.185261
54.700000,0.001870,0.021841,1.516026,0.186971
54.800000,0.001845,0.021823,1.510822,0.184505
54.900000,0.001872,0.021818,1.507219,0.187169
55.000000,0.951775,2.244642,1.666999,95.177462
55.100000,0.961349,2.614623,1.896895,96.134909
55.200000,0.961320,2.629338,1.923608,96.131982
55.300000,0.961352,2.630316,1.930586,96.135172
55.400000,0.961337,2.630819,1.935082,96.133692
55.500000,0.011450,0.027553,1.665474,1.145011
55.600000,0.001859,0.021963,1.526349,0.185919
55.700000,0.001865,0.021869,1.516156,0.186511
55.800000,0.001865,0.021797,1.510835,0.186478
55.900000,0.001843,0.021808,1.507258,0.184340
56.000000,0.951823,2.244718,1.666891,95.182297
56.100000,0.961319,2.614388,1.896941,96.131916
56.200000,0.961360,2.629333,1.924041,96.136027
56.300000,0.961319,2.630384,1.930931,96.131850
56.400000,0.961371,2.630918,1.935225,96.137113
56.500000,0.011432,0.027397,1.665707,1.143169
56.600000,0.001867,0.022057,1.526655,0.186741
56.700000,0.001860,0.021848,1.516315,0.185952
56.800000,0.001870,0.021841,1.511133,0.187004
56.900000,0.001853,0.021762,1.507630,0.185294
57.000000,0.951800,2.244833,1.667644,95.179994
57.100000,0.961349,2.614595,1.897594,96.134909
57.200000,0.961321,2.629522,1.924570,96.132113
57.300000,0.961357,2.630542,1.931615,96.135699
57.400000,0.961328,2.630992,1.936109,96.132771
57.500000,0.011448,0.027723,1.666391,1.144781
57.600000,0.001843,0.021984,1.527332,0.184340
57.700000,0.001868,0.021874,1.517078,0.186807
57.800000,0.001850,0.021741,1.511603,0.185031
57.900000,0.001860,0.021840,1.508172,0.185952
58.000000,0.951785,2.244769,1.668147,95.178481
58.100000,0.961354,2.614865,1.898184,96.135370
58.200000,0.961349,2.629700,1.925124,96.134909
58.300000,0.961312,2.630717,1.932054,96.131225
58.400000,0.961349,2.631105,1.936522,96.134942
58.500000,0.011426,0.027655,1.666452,1.142610
58.600000,0.001863,0.021933,1.527437,0.186281
58.700000,0.001844,0.021823,1.517098,0.184406
58.800000,0.001867,0.021810,1.511795,0.186675
58.900000,0.001851,0.021787,1.508184,0.185097
59.000000,0.951812,2.245014,1.668074,95.181211
59.100000,0.961361,2.615228,1.898294,96.136093
59.200000,0.961345,2.629956,1.925208,96.134547
59.300000,0.961346,2.630900,1.932061,96.134613
59.400000,0.961329,2.631490,1.936514,96.132870
59.500000,0.011447,0.027376,1.666352,1.144748
59.600000,0.001840,0.022090,1.527276,0.184011
59.700000,0.001861,0.021787,1.516981,0.186149
59.800000,0.001848,0.021861,1.511700,0.184768
59.900000,0.001876,0.021845,1.507942,0.187564
60.000000,0.951766,2.245129,1.668097,95.176607
60.100000,0.961355,2.615207,1.898189,96.135501
60.200000,0.961316,2.630027,1.925096,96.131587
60.300000,0.961347,2.631104,1.931969,96.134679
60.400000,0.961336,2.631449,1.936510,96.133561
60.500000,0.011446,0.027562,1.666435,1.144583
60.600000,0.001849,0.021932,1.527138,0.184866
60.700000,0.001848,0.021850,1.516703,0.184768
60.800000,0.001865,0.021789,1.511374,0.186478
60.900000,0.001842,0.021800,1.507663,0.184176
61.000000,0.951823,2.245154,1.667729,95.182330
61.100000,0.961308,2.615210,1.898082,96.130765
61.200000,0.961346,2.630078,1.924785,96.134646
61.300000,0.961308,2.631084,1.931801,96.130831
61.400000,0.961362,2.631590,1.936293,96.136159
61.500000,0.011441,0.027537,1.666056,1.144057
61.600000,0.001868,0.022070,1.526770,0.186774
61.700000,0.001840,0.021725,1.516432,0.183978
61.800000,0.001868,0.021792,1.511034,0.186774
61.900000,0.001856,0.021790,1.507403,0.185557
62.000000,0.951784,2.245175,1.667578,95.178383
62.100000,0.961360,2.615192,1.897903,96.135962
62.200000,0.961324,2.630129,1.924609,96.132377
62.300000,0.961360,2.631040,1.931642,96.136027
62.400000,0.961330,2.631505,1.936086,96.132969
62.500000,0.011447,0.027590,1.665829,1.144715
62.600000,0.001839,0.021823,1.526818,0.183946
62.700000,0.001867,0.021874,1.516455,0.186741
62.800000,0.001847,0.021795,1.510875,0.184735
62.900000,0.001864,0.021795,1.507566,0.186445
63.000000,0.951794,2.244965,1.667400,95.179369
63.100000,0.961323,2.615090,1.897808,96.132311
63.200000,0.961346,2.629973,1.924710,96.134646
63.300000,0.961321,2.631036,1.931688,96.132113
63.400000,0.961355,2.631470,1.936004,96.135501
63.500000,0.011437,0.027606,1.666041,1.143728
63.600000,0.001862,0.022088,1.526926,0.186248
63.700000,0.001849,0.021840,1.516661,0.184932
63.800000,0.001872,0.021784,1.511616,0.187235
63.900000,0.001854,0.021764,1.508368,0.185426
64.000000,0.951825,2.245076,1.668766,95.182461
64.100000,0.961331,2.615067,1.899351,96.133133
64.200000,0.961345,2.629945,1.926450,96.134514
64.300000,0.961353,2.630930,1.933742,96.135271
64.400000,0.961340,2.631485,1.938623,96.134021
64.500000,0.011442,0.027634,1.668349,1.144189
64.600000,0.001854,0.021983,1.529255,0.185393
64.700000,0.001866,0.021830,1.518985,0.186643
64.800000,0.001848,0.021853,1.513753,0.184768
64.900000,0.001874,0.021795,1.510214,0.187366
65.000000,0.951771,2.244777,1.670548,95.177067
65.100000,0.961371,2.615074,1.900987,96.137146
65.200000,0.961322,2.629833,1.927739,96.132212
65.300000,0.961356,2.630938,1.934773,96.135600
65.400000,0.961336,2.631340,1.939142,96.133626
65.500000,0.011439,0.027759,1.668636,1.143893
65.600000,0.001860,0.021884,1.529273,0.185952
65.700000,0.001859,0.021825,1.518972,0.185886
65.800000,0.001866,0.021856,1.513345,0.186643
65.900000,0.001853,0.021800,1.509772,0.185327
66.000000,0.951831,2.244932,1.669782,95.183119
66.100000,0.961319,2.614940,1.900311,96.131850
66.200000,0.961359,2.629894,1.927059,96.135929
66.300000,0.961322,2.630826,1.933828,96.132212
66.400000,0.961361,2.631304,1.938187,96.136126
66.500000,0.011437,0.027583,1.667609,1.143695
66.600000,0.001866,0.022098,1.528238,0.186577
66.700000,0.001858,0.021749,1.517903,0.185820
66.800000,0.001866,0.021825,1.512545,0.186577
66.900000,0.001862,0.021739,1.508963,0.186182
67.000000,0.951790,2.244803,1.669112,95.178975
67.100000,0.961361,2.615018,1.899662,96.136093
67.200000,0.961323,2.629886,1.926296,96.132278
67.300000,0.961363,2.630790,1.933432,96.136323
67.400000,0.961316,2.631304,1.937784,96.131554
67.500000,0.011453,0.027767,1.667443,1.145307
67.600000,0.001847,0.021951,1.527766,0.184735
67.700000,0.001873,0.021853,1.517221,0.187267
67.800000,0.001861,0.021776,1.512038,0.186149
67.900000,0.001872,0.021843,1.508460,0.187202
68.000000,0.951817,2.244693,1.668582,95.181738
68.100000,0.961350,2.615143,1.899497,96.135008
68.200000,0.961353,2.629744,1.926064,96.135337
68.300000,0.961322,2.630869,1.932945,96.132179
68.400000,0.961359,2.631242,1.937581,96.135863
68.500000,0.011428,0.027616,1.666837,1.142840
68.600000,0.001867,0.021984,1.527495,0.186708
68.700000,0.001851,0.021831,1.517201,0.185064
68.800000,0.001870,0.021710,1.511583,0.186971
68.900000,0.001842,0.021789,1.508208,0.184242
69.000000,0.951830,2.244725,1.668283,95.182955
69.100000,0.961338,2.614921,1.899160,96.133791
69.200000,0.961341,2.629790,1.926020,96.134120
69.300000,0.961349,2.630713,1.932713,96.134876
69.400000,0.961343,2.631165,1.937207,96.134317
69.500000,0.011442,0.027654,1.666671,1.144189
69.600000,0.001846,0.022030,1.527413,0.184570
69.700000,0.001872,0.021841,1.517080,0.187202
69.800000,0.001850,0.021803,1.511685,0.184998
69.900000,0.001877,0.021820,1.508065,0.187662
70.000000,0.951775,2.244682,1.667898,95.177528
70.100000,0.961380,2.615046,1.898932,96.137968
70.200000,0.961330,2.629705,1.925832,96.132969
70.300000,0.961354,2.630698,1.932590,96.135403
70.400000,0.961353,2.631084,1.937073,96.135304
70.500000,0.011449,0.027404,1.666715,1.144912
70.600000,0.001855,0.021996,1.527206,0.185459
70.700000,0.001863,0.021859,1.516677,0.186347
70.800000,0.001872,0.021774,1.511563,0.187202
70.900000,0.001856,0.021818,1.507809,0.185623
71.000000,0.951833,2.244685,1.668214,95.183283
71.100000,0.961311,2.614842,1.898697,96.131061
71.200000,0.961369,2.629639,1.925624,96.136948
71.300000,0.961331,2.630574,1.932715,96.133133
71.400000,0.961349,2.631073,1.937063,96.134909
71.500000,0.011438,0.027466,1.666532,1.143827
71.600000,0.001871,0.021909,1.527225,0.187136
71.700000,0.001857,0.021757,1.516896,0.185656
71.800000,0.001865,0.021831,1.511517,0.186544
71.900000,0.001861,0.021774,1.507765,0.186083
72.000000,0.951796,2.244702,1.668091,95.179567
72.100000,0.961363,2.614470,1.898804,96.136258
72.200000,0.961320,2.629582,1.925568,96.132048
72.300000,0.961359,2.630454,1.932593,96.135863
72.400000,0.961319,2.630913,1.937345,96.131850
72.500000,0.011447,0.027838,1.666473,1.144715
72.600000,0.001847,0.021866,1.526855,0.184669
72.700000,0.001865,0.021894,1.516403,0.186511
72.800000,0.001854,0.021774,1.510814,0.185426
72.900000,0.001869,0.021856,1.507301,0.186906
73.000000,0.951818,2.244425,1.667126,95.181770
73.100000,0.961342,2.614597,1.897809,96.134153
73.200000,0.961363,2.629422,1.924618,96.136258
73.300000,0.961335,2.630466,1.931540,96.133495
73.400000,0.961364,2.630859,1.935817,96.136356
73.500000,0.011426,0.027841,1.665370,1.142577
73.600000,0.001871,0.021932,1.525941,0.187070
73.700000,0.001849,0.021835,1.515612,0.184899
73.800000,0.001876,0.021772,1.510204,0.187629
73.900000,0.001854,0.021721,1.506740,0.185426
74.000000,0.951810,2.244485,1.666938,95.181014
74.100000,0.961335,2.614467,1.897589,96.133462
74.200000,0.961354,2.629401,1.924450,96.135403
74.300000,0.961351,2.630277,1.931270,96.135107
74.400000,0.961338,2.630859,1.935725,96.133758
74.500000,0.011451,0.027540,1.665114,1.145077
74.600000,0.001853,0.022034,1.525984,0.185327
74.700000,0.001864,0.021877,1.515533,0.186445
74.800000,0.001854,0.021754,1.510202,0.185426
74.900000,0.001873,0.021772,1.506555,0.187300
75.000000,0.951796,2.244440,1.667114,95.179633
75.100000,0.961353,2.614447,1.897674,96.135337
75.200000,0.961321,2.629153,1.924330,96.132113
75.300000,0.961345,2.630208,1.931425,96.134482
75.400000,0.961342,2.630624,1.935955,96.134153
75.500000,0.011440,0.027494,1.665359,1.143958
75.600000,0.001864,0.022055,1.526025,0.186445
75.700000,0.001852,0.021838,1.515671,0.185228
75.800000,0.001878,0.021743,1.510334,0.187827
75.900000,0.001860,0.021807,1.506620,0.185985
76.000000,0.951833,2.244322,1.666960,95.183349
76.100000,0.961330,2.614359,1.897605,96.132969
76.200000,0.961363,2.629080,1.924397,96.136291
76.300000,0.961322,2.629999,1.931421,96.132245
76.400000,0.961354,2.630464,1.935815,96.135403
76.500000,0.011437,0.027649,1.665226,1.143695
76.600000,0.001873,0.022034,1.525863,0.187300
76.700000,0.001854,0.021789,1.515686,0.185360
76.800000,0.001865,0.021838,1.510363,0.186478
76.900000,0.001861,0.021776,1.506841,0.186149
77.000000,0.951802,2.244320,1.667077,95.180159
77.100000,0.961360,2.614038,1.897781,96.135962
77.200000,0.961327,2.628926,1.924920,96.132673
77.300000,0.961370,2.629901,1.932449,96.137047
77.400000,0.961317,2.630316,1.937617,96.131719
77.500000,0.011450,0.027544,1.667557,1.145044
77.600000,0.001848,0.021997,1.529079,0.184801
77.700000,0.001870,0.021882,1.519437,0.187037
77.800000,0.001851,0.021761,1.515217,0.185130
77.900000,0.001866,0.021886,1.512584,0.186643
78.000000,0.951813,2.244049,1.674322,95.181277
78.100000,0.961345,2.614104,1.906454,96.134482
78.200000,0.961359,2.628712,1.934429,96.135863
78.300000,0.961333,2.629794,1.942731,96.133265
78.400000,0.961368,2.630180,1.948025,96.136751
78.500000,0.011430,0.027629,1.677648,1.143005
78.600000,0.001874,0.022323,1.538635,0.187399
78.700000,0.001861,0.021708,1.529372,0.186149
78.800000,0.001867,0.021859,1.524835,0.186675
78.900000,0.001847,0.021744,1.522194,0.184702
79.000000,0.951815,2.244029,1.683718,95.181507
79.100000,0.961344,2.613755,1.916287,96.134350
79.200000,0.961334,2.628674,1.943820,96.133429
79.300000,0.961358,2.629631,1.951490,96.135797
79.400000,0.961339,2.630094,1.956548,96.133922
79.500000,0.011449,0.027665,1.684432,1.144879
79.600000,0.001859,0.022066,1.544631,0.185853
79.700000,0.001871,0.021677,1.534430,0.187136
79.800000,0.001852,0.021928,1.528920,0.185162
79.900000,0.001859,0.021831,1.525348,0.185886
80.000000,0.951781,2.243730,1.686263,95.178054
80.100000,0.961368,2.613727,1.918271,96.136817
80.200000,0.961331,2.628510,1.945083,96.133100
80.300000,0.961358,2.629547,1.951827,96.135797
80.400000,0.961330,2.629932,1.956134,96.133002
80.500000,0.011455,0.027616,1.683294,1.145471
80.600000,0.001862,0.021825,1.542974,0.186182
80.700000,0.001852,0.021419,1.532150,0.185195
80.800000,0.001864,0.021642,1.526507,0.186412
80.900000,0.001859,0.021897,1.522680,0.185919
81.000000,0.951824,2.243628,1.683810,95.182362
81.100000,0.961321,2.613505,1.915666,96.132081
81.200000,0.961360,2.628439,1.942491,96.135962
81.300000,0.961320,2.629401,1.949406,96.131982
81.400000,0.961350,2.629907,1.953482,96.135041
81.500000,0.011435,0.027618,1.680669,1.143465
81.600000,0.001868,0.021943,1.540601,0.186840
81.700000,0.001861,0.021614,1.529972,0.186051
81.800000,0.001866,0.021876,1.524732,0.186577
81.900000,0.001868,0.021753,1.521372,0.186840
82.000000,0.951783,2.243488,1.683250,95.178284
82.100000,0.961354,2.613553,1.916588,96.135370
82.200000,0.961312,2.628408,1.944228,96.131193
82.300000,0.961357,2.629368,1.951959,96.135666
82.400000,0.961320,2.629785,1.956849,96.131982
82.500000,0.011453,0.027562,1.683638,1.145274
82.600000,0.001850,0.021884,1.543668,0.185031
82.700000,0.001862,0.022066,1.533651,0.186182
82.800000,0.001849,0.021517,1.528928,0.184866
82.900000,0.001863,0.021905,1.525879,0.186314
83.000000,0.951794,2.243248,1.688952,95.179435
83.100000,0.961327,2.613328,1.923429,96.132673
83.200000,0.961362,2.628064,1.951308,96.136192
83.300000,0.961319,2.629049,1.959007,96.131916
83.400000,0.961360,2.629379,1.963934,96.135962
83.500000,0.011435,0.027585,1.689794,1.143531
83.600000,0.001864,0.021986,1.549224,0.186379
83.700000,0.001842,0.021756,1.539222,0.184176
83.800000,0.001865,0.021983,1.533983,0.186544
83.900000,0.001868,0.021527,1.530605,0.186774
84.000000,0.951822,2.242680,1.693390,95.182231
84.100000,0.961339,2.612485,1.928574,96.133857
84.200000,0.961340,2.627293,1.956076,96.134021
84.300000,0.961352,2.628117,1.963270,96.135238
84.400000,0.961342,2.628549,1.967866,96.134186
84.500000,0.011453,0.027524,1.692747,1.145340
84.600000,0.001860,0.021986,1.551547,0.185952
84.700000,0.001857,0.021861,1.541051,0.185722
84.800000,0.001856,0.021730,1.535860,0.185623
84.900000,0.001866,0.022034,1.532247,0.186610
85.000000,0.951773,2.242071,1.695496,95.177330
85.100000,0.961370,2.611696,1.930128,96.137014
85.200000,0.961326,2.626082,1.957196,96.132607
85.300000,0.961343,2.626457,1.964193,96.134284
85.400000,0.961339,2.626527,1.968737,96.133890
85.500000,0.011441,0.027637,1.692849,1.144090
85.600000,0.001859,0.021869,1.551162,0.185886
85.700000,0.001858,0.021817,1.540594,0.185787
85.800000,0.001864,0.021780,1.535168,0.186379
85.900000,0.001849,0.021618,1.532275,0.184899
86.000000,0.951811,2.239583,1.695779,95.181080
86.100000,0.961325,2.608932,1.931137,96.132508
86.200000,0.961359,2.623565,1.958363,96.135929
86.300000,0.961320,2.624340,1.965803,96.131982
86.400000,0.961361,2.624585,1.970703,96.136126
86.500000,0.011430,0.027458,1.694312,1.143005
86.600000,0.001869,0.021979,1.552794,0.186939
86.700000,0.001859,0.021733,1.542356,0.185853
86.800000,0.001858,0.021817,1.536815,0.185755
86.900000,0.001849,0.021784,1.533028,0.184932
87.000000,0.951791,2.238406,1.696328,95.179106
87.100000,0.961360,2.607231,1.931732,96.136027
87.200000,0.961326,2.621925,1.958787,96.132574
87.300000,0.961355,2.622694,1.965794,96.135468
87.400000,0.961323,2.622988,1.970279,96.132344
87.500000,0.011460,0.027555,1.693259,1.145998
87.600000,0.001849,0.021879,1.551261,0.184932
87.700000,0.001868,0.021641,1.540800,0.186807
87.800000,0.001853,0.021815,1.535132,0.185327
87.900000,0.001867,0.021416,1.531442,0.186675
88.000000,0.951791,2.237495,1.695116,95.179073
88.100000,0.961348,2.606082,1.931208,96.134810
88.200000,0.961345,2.620661,1.958407,96.134514
88.300000,0.961329,2.621695,1.965180,96.132903
88.400000,0.961353,2.621946,1.969789,96.135337
88.500000,0.011428,0.027519,1.692241,1.142774
88.600000,0.001866,0.021956,1.550199,0.186643
88.700000,0.001846,0.021792,1.539508,0.184636
88.800000,0.001864,0.021785,1.533906,0.186445
88.900000,0.001847,0.021690,1.530205,0.184669
89.000000,0.951813,2.237069,1.693195,95.181343
89.100000,0.961328,2.605374,1.928273,96.132804
89.200000,0.961342,2.620207,1.955067,96.134153
89.300000,0.961346,2.621019,1.961603,96.134646
89.400000,0.961327,2.621354,1.965717,96.132673
89.500000,0.011449,0.027488,1.688656,1.144945
89.600000,0.001841,0.021935,1.547153,0.184143
89.700000,0.001869,0.021800,1.536746,0.186906
89.800000,0.001850,0.021623,1.531599,0.184965
89.900000,0.001867,0.021912,1.528332,0.186675
90.000000,0.951786,2.236522,1.692299,95.178613
90.100000,0.961367,2.604248,1.928319,96.136652
90.200000,0.961329,2.618797,1.955876,96.132903
90.300000,0.961351,2.619732,1.963584,96.135074
90.400000,0.961331,2.619933,1.968474,96.133133
90.500000,0.011441,0.027509,1.691049,1.144090
90.600000,0.001850,0.021951,1.549686,0.184965
90.700000,0.001852,0.021741,1.539402,0.185228
90.800000,0.001859,0.021733,1.534517,0.185919
90.900000,0.001851,0.021600,1.531271,0.185097
91.000000,0.951813,2.235794,1.695456,95.181310
91.100000,0.961315,2.602829,1.932099,96.131456
91.200000,0.961362,2.617552,1.959947,96.136192
91.300000,0.961299,2.618447,1.967483,96.129943
91.400000,0.961347,2.618813,1.972440,96.134712
91.500000,0.011428,0.027343,1.694452,1.142840
91.600000,0.001863,0.021974,1.552668,0.186347
91.700000,0.001846,0.021751,1.542840,0.184636
91.800000,0.001859,0.021736,1.537928,0.185853
91.900000,0.001866,0.021614,1.534721,0.186610
92.000000,0.951808,2.235008,1.698948,95.180784
92.100000,0.961364,2.601443,1.935715,96.136389
92.200000,0.961320,2.616154,1.963178,96.131982
92.300000,0.961359,2.616964,1.970583,96.135929
92.400000,0.961305,2.617253,1.975450,96.130469
92.500000,0.011446,0.027443,1.696602,1.144649
92.600000,0.001840,0.021914,1.554458,0.184011
92.700000,0.001861,0.021757,1.544399,0.186083
92.800000,0.001841,0.021646,1.539148,0.184110
92.900000,0.001874,0.021754,1.535600,0.187432
93.000000,0.951805,2.233680,1.700654,95.180455
93.100000,0.961331,2.599624,1.938541,96.133100
93.200000,0.961364,2.614156,1.966219,96.136356
93.300000,0.961326,2.614934,1.973155,96.132607
93.400000,0.961364,2.614991,1.977288,96.136389
93.500000,0.011430,0.027391,1.697079,1.143037
93.600000,0.001862,0.021884,1.554303,0.186215
93.700000,0.001841,0.021674,1.543951,0.184143
93.800000,0.001871,0.021631,1.537861,0.187136
93.900000,0.001843,0.021608,1.533442,0.184340
94.000000,0.951830,2.231776,1.697574,95.182955
94.100000,0.961345,2.597066,1.933614,96.134482
94.200000,0.961334,2.611786,1.960105,96.133363
94.300000,0.961346,2.612503,1.966215,96.134613
94.400000,0.961332,2.612728,1.969657,96.133232
94.500000,0.011447,0.027392,1.689335,1.144748
94.600000,0.001846,0.021840,1.546722,0.184603
94.700000,0.001861,0.021748,1.535893,0.186083
94.800000,0.001843,0.021761,1.529885,0.184340
94.900000,0.001868,0.021853,1.525749,0.186774
95.000000,0.951783,2.230129,1.689358,95.178350
95.100000,0.961367,2.595093,1.925420,96.136685
95.200000,0.961320,2.609749,1.952291,96.132048
95.300000,0.961354,2.610652,1.958762,96.135403
95.400000,0.961338,2.610882,1.962706,96.133791
95.500000,0.011437,0.027359,1.683597,1.143695
95.600000,0.001848,0.021789,1.541579,0.184801
95.700000,0.001860,0.021628,1.531146,0.185952
95.800000,0.001870,0.021460,1.525360,0.187037
95.900000,0.001845,0.021537,1.521771,0.184472
96.000000,0.951820,2.229086,1.685508,95.182001
96.100000,0.961324,2.593578,1.921023,96.132377
96.200000,0.961371,2.608441,1.948198,96.137146
96.300000,0.961319,2.609320,1.955023,96.131949
96.400000,0.961372,2.609677,1.959400,96.137244
96.500000,0.011429,0.027327,1.680641,1.142906
96.600000,0.001862,0.021871,1.539404,0.186248
96.700000,0.001854,0.021856,1.528848,0.185360
96.800000,0.001858,0.021927,1.523303,0.185755
96.900000,0.001848,0.021504,1.519516,0.184834
97.000000,0.951787,2.228443,1.682832,95.178712
97.100000,0.961364,2.592463,1.918166,96.136389
97.200000,0.961325,2.607437,1.945336,96.132541
97.300000,0.961354,2.608331,1.951995,96.135370
97.400000,0.961318,2.608645,1.956316,96.131785
97.500000,0.011439,0.027397,1.678290,1.143893
97.600000,0.001836,0.021846,1.537510,0.183617
97.700000,0.001869,0.021756,1.527457,0.186873
97.800000,0.001855,0.021471,1.522144,0.185459
97.900000,0.001859,0.021734,1.518648,0.185886
98.000000,0.951795,2.227532,1.682147,95.179468
98.100000,0.961331,2.591581,1.917081,96.133100
98.200000,0.961335,2.606419,1.944470,96.133462
98.300000,0.961325,2.607456,1.951446,96.132475
98.400000,0.961359,2.607787,1.955616,96.135863
98.500000,0.011430,0.027376,1.677669,1.142972
98.600000,0.001866,0.021896,1.536772,0.186577
98.700000,0.001848,0.021859,1.526556,0.184768
98.800000,0.001852,0.021979,1.521096,0.185195
98.900000,0.001833,0.022168,1.517328,0.183255
99.000000,0.951808,2.226973,1.680500,95.180784
99.100000,0.961348,2.590820,1.915154,96.134778
99.200000,0.961349,2.605827,1.942124,96.134876
99.300000,0.961355,2.606703,1.948998,96.135501
99.400000,0.961328,2.607190,1.953228,96.132837
99.500000,0.011447,0.027228,1.675627,1.144748
99.600000,0.001852,0.021940,1.535112,0.185162
99.700000,0.001858,0.021790,1.525039,0.185820
99.800000,0.001844,0.021810,1.519716,0.184406
99.900000,0.001869,0.021524,1.516212,0.186939
100.000000,0.951788,2.226625,1.679329,95.178777
100.100000,0.961368,2.590318,1.913861,96.136784
100.200000,0.961340,2.605214,1.941113,96.133955
100.300000,0.961350,2.606269,1.948142,96.135008
100.400000,0.961344,2.606628,1.952550,96.134383
100.500000,0.011437,0.027366,1.675411,1.143728
100.600000,0.001850,0.021820,1.534887,0.184965
100.700000,0.001859,0.021614,1.524898,0.185886
100.800000,0.001854,0.022116,1.519647,0.185393
100.900000,0.001847,0.021711,1.516038,0.184669
101.000000,0.951809,2.226257,1.678996,95.180882
101.100000,0.961319,2.589731,1.913657,96.131850
101.200000,0.961380,2.604677,1.940801,96.138001
101.300000,0.961321,2.605673,1.947851,96.132081
101.400000,0.961356,2.606130,1.952340,96.135600
101.500000,0.011434,0.027238,1.675172,1.143366
101.600000,0.001853,0.021874,1.534675,0.185327
101.700000,0.001854,0.021840,1.524852,0.185360
101.800000,0.001863,0.022236,1.519629,0.186281
101.900000,0.001870,0.021613,1.516168,0.187004
102.000000,0.951771,2.226250,1.678890,95.177133
102.100000,0.961365,2.589187,1.913029,96.136488
102.200000,0.961329,2.604230,1.940459,96.132903
102.300000,0.961356,2.605250,1.947562,96.135633
102.400000,0.961326,2.605610,1.951950,96.132607
102.500000,0.011454,0.027285,1.674788,1.145438
102.600000,0.001849,0.021947,1.534953,0.184932
102.700000,0.001858,0.021720,1.525871,0.185820
102.800000,0.001853,0.021662,1.520990,0.185294
102.900000,0.001878,0.021846,1.518063,0.187761
103.000000,0.951808,2.225745,1.681871,95.180850
103.100000,0.961341,2.588826,1.916931,96.134120
103.200000,0.961351,2.603763,1.945167,96.135139
103.300000,0.961323,2.604871,1.952850,96.132311
103.400000,0.961360,2.605204,1.957847,96.135995
103.500000,0.011424,0.027231,1.681210,1.142380
103.600000,0.001865,0.021923,1.541321,0.186478
103.700000,0.001853,0.021682,1.531613,0.185261
103.800000,0.001865,0.021692,1.527030,0.186511
103.900000,0.001849,0.021688,1.524222,0.184932
104.000000,0.951822,2.225435,1.687796,95.182231
104.100000,0.961357,2.588374,1.923123,96.135731
104.200000,0.961338,2.603477,1.950898,96.133824
104.300000,0.961350,2.604373,1.958473,96.135008
104.400000,0.961340,2.604859,1.963579,96.133955
104.500000,0.011440,0.027276,1.686402,1.143991
104.600000,0.001850,0.021907,1.546457,0.185031
104.700000,0.001869,0.021682,1.536812,0.186873
104.800000,0.001850,0.021672,1.532323,0.184998
104.900000,0.001861,0.021672,1.529242,0.186116
105.000000,0.951788,2.225167,1.692803,95.178810
105.100000,0.961360,2.588048,1.928578,96.136027
105.200000,0.961330,2.602975,1.956108,96.132969
105.300000,0.961350,2.604106,1.963373,96.135041
105.400000,0.961349,2.604476,1.967875,96.134909
105.500000,0.011451,0.027294,1.689516,1.145142
105.600000,0.001856,0.021836,1.548874,0.185623
105.700000,0.001859,0.021734,1.538952,0.185886
105.800000,0.001865,0.021683,1.533924,0.186478
105.900000,0.001852,0.021753,1.530595,0.185162
106.000000,0.951820,2.224984,1.694150,95.181968
106.100000,0.961321,2.587591,1.929396,96.132081
106.200000,0.961370,2.602650,1.957033,96.137047
106.300000,0.961329,2.603636,1.964394,96.132903
106.400000,0.961370,2.604118,1.969067,96.136981
106.500000,0.011427,0.027348,1.690609,1.142741
106.600000,0.001864,0.021932,1.550136,0.186412
106.700000,0.001855,0.021641,1.540093,0.185459
106.800000,0.001862,0.021782,1.534917,0.186215
106.900000,0.001861,0.021603,1.531124,0.186051
107.000000,0.951797,2.224623,1.694557,95.179665
107.100000,0.961372,2.587138,1.928946,96.137244
107.200000,0.961329,2.602198,1.956272,96.132936
107.300000,0.961361,2.603207,1.962655,96.136060
107.400000,0.961325,2.603574,1.967072,96.132508
107.500000,0.011454,0.027253,1.688359,1.145438
107.600000,0.001844,0.021848,1.547342,0.184406
107.700000,0.001871,0.021771,1.537022,0.187070
107.800000,0.001853,0.021657,1.531427,0.185261
107.900000,0.001861,0.021820,1.527658,0.186083
108.000000,0.951806,2.224079,1.691008,95.180554
108.100000,0.961343,2.586679,1.925818,96.134251
108.200000,0.961360,2.601705,1.953482,96.135995
108.300000,0.961341,2.602758,1.960436,96.134087
108.400000,0.961368,2.603113,1.965303,96.136817
108.500000,0.011431,0.027251,1.687586,1.143136
108.600000,0.001865,0.021877,1.547608,0.186511
108.700000,0.001853,0.021700,1.538183,0.185294
108.800000,0.001879,0.021825,1.532867,0.187860
108.900000,0.001853,0.021656,1.529739,0.185327
109.000000,0.951823,2.223724,1.693112,95.182297
109.100000,0.961356,2.586041,1.927869,96.135567
109.200000,0.961353,2.601090,1.955651,96.135304
109.300000,0.961344,2.602012,1.962691,96.134350
109.400000,0.961334,2.602439,1.966868,96.133363
109.500000,0.011448,0.027213,1.688641,1.144781
109.600000,0.001843,0.021904,1.548144,0.184340
109.700000,0.001861,0.021633,1.538211,0.186116
109.800000,0.001849,0.021634,1.533172,0.184866
109.900000,0.001869,0.021677,1.529750,0.186906
110.000000,0.951785,2.223036,1.693144,95.178514
110.100000,0.961368,2.585426,1.927941,96.136751
110.200000,0.961333,2.600350,1.955351,96.133265
110.300000,0.961352,2.601430,1.962116,96.135205
110.400000,0.961346,2.601782,1.966442,96.134646
110.500000,0.011443,0.027285,1.687933,1.144320
110.600000,0.001855,0.021785,1.547404,0.185491
110.700000,0.001853,0.021748,1.537418,0.185294
110.800000,0.001863,0.021720,1.532438,0.186314
110.900000,0.001850,0.021629,1.528959,0.184998
111.000000,0.951816,2.222509,1.692524,95.181606
111.100000,0.961329,2.584749,1.927660,96.132936
111.200000,0.961354,2.599775,1.955241,96.135370
111.300000,0.961328,2.600796,1.962222,96.132771
111.400000,0.961359,2.601272,1.966667,96.135929
111.500000,0.011429,0.027141,1.688209,1.142873
111.600000,0.001859,0.021909,1.547827,0.185919
111.700000,0.001854,0.021670,1.537431,0.185393
111.800000,0.001853,0.021687,1.531996,0.185327
111.900000,0.001853,0.021646,1.528368,0.185327
112.000000,0.951792,2.222164,1.691654,95.179205
112.100000,0.961354,2.584147,1.926492,96.135403
112.200000,0.961325,2.599272,1.954012,96.132508
112.300000,0.961364,2.600301,1.960988,96.136356
112.400000,0.961321,2.600679,1.965249,96.132081
112.500000,0.011445,0.027203,1.686901,1.144452
112.600000,0.001847,0.021792,1.546742,0.184669
112.700000,0.001859,0.021690,1.536665,0.185886
112.800000,0.001852,0.021593,1.531543,0.185195
112.900000,0.001863,0.021731,1.528341,0.186314
113.000000,0.951812,2.221552,1.692217,95.181244
113.100000,0.961335,2.583664,1.927913,96.133495
113.200000,0.961360,2.598700,1.956116,96.135962
113.300000,0.961336,2.599749,1.963334,96.133626
113.400000,0.961350,2.600153,1.968124,96.135041
113.500000,0.011424,0.027276,1.690172,1.142445
113.600000,0.001860,0.021843,1.550269,0.186018
113.700000,0.001844,0.021572,1.540134,0.184406
113.800000,0.001868,0.021723,1.534798,0.186840
113.900000,0.001850,0.021621,1.531009,0.185031
114.000000,0.951805,2.221024,1.694018,95.180455
114.100000,0.961345,2.583005,1.928719,96.134482
114.200000,0.961345,2.598121,1.956339,96.134514
114.300000,0.961346,2.599017,1.963304,96.134580
114.400000,0.961327,2.599566,1.967356,96.132738
114.500000,0.011440,0.027182,1.688776,1.143958
114.600000,0.001855,0.021820,1.548542,0.185459
114.700000,0.001861,0.021700,1.538710,0.186083
114.800000,0.001850,0.021733,1.533255,0.184998
114.900000,0.001862,0.021633,1.529732,0.186215
115.000000,0.951789,2.220502,1.692864,95.178942
115.100000,0.961371,2.582584,1.927147,96.137113
115.200000,0.961336,2.597554,1.954653,96.133626
115.300000,0.961357,2.598660,1.961759,96.135699
115.400000,0.961337,2.599057,1.966034,96.133659
115.500000,0.011445,0.027231,1.687777,1.144452
115.600000,0.001858,0.021756,1.547403,0.185787
115.700000,0.001847,0.021723,1.537297,0.184702
115.800000,0.001859,0.021649,1.531642,0.185853
115.900000,0.001845,0.021687,1.528116,0.184472
116.000000,0.951827,2.220104,1.691207,95.182659
116.100000,0.961323,2.582080,1.925821,96.132278
116.200000,0.961364,2.597260,1.953302,96.136422
116.300000,0.961318,2.598230,1.960219,96.131817
116.400000,0.961355,2.598738,1.964438,96.135468
116.500000,0.011430,0.027103,1.686212,1.143037
116.600000,0.001853,0.021889,1.546278,0.185294
116.700000,0.001851,0.021670,1.536516,0.185097
116.800000,0.001853,0.021642,1.531312,0.185294
116.900000,0.001858,0.021596,1.527735,0.185787
117.000000,0.951781,2.219879,1.690798,95.178087
117.100000,0.961355,2.581733,1.925538,96.135534
117.200000,0.961315,2.596910,1.953119,96.131521
117.300000,0.961354,2.597893,1.960257,96.135370
117.400000,0.961324,2.598335,1.964374,96.132442
117.500000,0.011447,0.027202,1.685860,1.144715
117.600000,0.001850,0.021789,1.545313,0.185031
117.700000,0.001858,0.021659,1.535051,0.185820
117.800000,0.001849,0.021601,1.529421,0.184866
117.900000,0.001856,0.021721,1.525325,0.185623
118.000000,0.951808,2.219557,1.688202,95.180817
118.100000,0.961322,2.581462,1.922450,96.132212
118.200000,0.961367,2.596517,1.949486,96.136718
118.300000,0.961332,2.597673,1.956035,96.133166
118.400000,0.961362,2.598085,1.959688,96.136192
118.500000,0.011423,0.027261,1.680835,1.142314
118.600000,0.001858,0.021769,1.540446,0.185820
118.700000,0.001842,0.021823,1.529952,0.184209
118.800000,0.001865,0.021613,1.524342,0.186478
118.900000,0.001848,0.021583,1.520361,0.184834
119.000000,0.951810,2.219548,1.683123,95.181014
119.100000,0.961342,2.581259,1.917349,96.134186
119.200000,0.961348,2.596431,1.944526,96.134778
119.300000,0.961350,2.597469,1.951140,96.135008
119.400000,0.961336,2.598019,1.955230,96.133626
119.500000,0.011445,0.027239,1.676865,1.144485
119.600000,0.001853,0.021802,1.536406,0.185261
119.700000,0.001871,0.021711,1.526073,0.187070
119.800000,0.001842,0.021619,1.520841,0.184209
119.900000,0.001861,0.021797,1.516917,0.186149
120.000000,0.951780,2.219336,1.679850,95.177988
120.100000,0.961365,2.581187,1.914370,96.136488
120.200000,0.961344,2.596288,1.941734,96.134350
120.300000,0.961364,2.597403,1.948364,96.136422
120.400000,0.961356,2.597778,1.952677,96.135567
120.500000,0.011450,0.027203,1.674160,1.144978
120.600000,0.001857,0.021741,1.533989,0.185722
120.700000,0.001855,0.021730,1.523859,0.185459
120.800000,0.001863,0.021552,1.518561,0.186314
120.900000,0.001849,0.021598,1.514823,0.184866
121.000000,0.951822,2.219080,1.677704,95.182165
121.100000,0.961309,2.580945,1.912219,96.130897
121.200000,0.961364,2.596180,1.939650,96.136422
121.300000,0.961324,2.597227,1.946347,96.132409
121.400000,0.961351,2.597702,1.950691,96.135074
121.500000,0.011429,0.027134,1.672458,1.142873
121.600000,0.001855,0.021856,1.532025,0.185491
121.700000,0.001851,0.021682,1.522250,0.185130
121.800000,0.001858,0.021654,1.516756,0.185755
121.900000,0.001856,0.021914,1.513444,0.185623
